Twitter;Facebook;Instagram
cnn;cnn;cnn
time;time;time
google;google;google
fcbarcelona;fcbarcelona;fcbarcelona
katyperry;katyperry;katyperry
cristiano;Cristiano;Cristiano
AmericanAir;AmericanAirlines;americanair
billgates;BillGates;BillGates
whitehouse;WhiteHouse;WhiteHouse
VictoriasSecret;victoriassecret;victoriassecret
BBCSport;BBCSport;bbcsport
Starbucks;Starbucks;starbucks
McDonalds;McDonalds;mcdonalds
FinancialTimes;financialtimes;financialtimes
ManUtd;manchesterunited;manchesterunited
9GAG;9gag;9gag
HuffPost;HuffPost;huffpost
ChelseaFC;ChelseaFC;chelseafc
BillClinton;billclinton;clintonfoundation
Marvel;Marvel;marvel
MLS;MLS;mls
BMW;BMW;bmw
yahoo;yahoo;yahoo
NRJhitmusiconly;NRJANTILLES97;nrjhitmusiconly
chicagobulls;chicagobulls;chicagobulls
LFC;LiverpoolFC;liverpoolfc
matteorenzi;matteorenziufficiale;matteorenzi
Nike;nike;nike
redbull;RedBull;redbull
PabloIglesias;IglesiasTurrionPablo;iglesiasturrionpablo
jamieoliver;jamieoliver;jamieoliver
Microsoft;Microsoft;microsoft
kingsthings;LarryKing;larrykingnow
timoreilly;timoreilly;timoreilly
Dropbox;Dropbox;dropbox
naftemporikigr;naftemporikigr;naftemporikigr
skaigr;skaigr;skaitv.gr
Kathimerini_gr;kathimerinigr;kathimerini
Ellinofreneia;Ellenofreneia;ellinofreneia
Dell;DellTechnologiesgr;dell
oneplus;oneplus;oneplus
PCMag;PCMag;pcmagofficial
Oreo;OREO;oreo
samsung;SamsungGreece;samsunggreece
EU_Commission;EuropeanCommission;europeancommission
LEVIS;levis.gb;levis
Wikipedia;wikipedia;wikipedia
arduino;official.arduino;arduino.cc
Oracle;Oracle;oracle
coursera;Coursera;coursera
orange;orange;orange
CocaColaCo;cocacolagr;cocacola
FIBA;FIBA;fiba
sport24;SPORT24;sport24
MegaTvOfficial;megatvcom;megatvcom
Airbnb;airbnbuk;airbnb
Ford;FordGreece;ford
News247gr;News247-1716789921903332;news247gr
TurtleRock;TurtleRockStudios;turtlerockstudios
